{
    "th": 59.47488838185867,
    "he": 71.91612174113591,
    "espace": 68.90398729592562,
    "spaceq": 99.25052920977274,
    "qu": 73.94202947616577,
    "ui": 64.15513753890991,
    "ic": 70.47709425290425,
    "ck": 84.70528324445088,
    "kspace": 97.61855403582254,
    "spaceb": 276.28743449846905,
    "br": 110.83429455757141,
    "ro": 84.1564158598582,
    "ow": 56.12420241038005,
    "wn": 104.68811790148418,
    "nspace": 87.68455386161804,
    "spacef": 212.48159607251483,
    "fo": 86.60972118377686,
    "ox": 89.64647849400838,
    "xspace": 131.41923944155374,
    "spacej": 165.41423996289572,
    "ju": 47.346254189809166,
    "um": 58.00728599230449,
    "mp": 91.35460058848064,
    "ps": 101.64964397748311,
    "sspace": 134.52832301457724,
    "spaceo": 212.5499645868937,
    "ov": 98.43037724494934,
    "ve": 60.10120113690694,
    "er": 73.68049621582031,
    "rspace": 81.11031452814738,
    "spacet": 91.10656380653381,
    "spacel": 184.57791209220886,
    "la": 66.84922178586324,
    "az": 82.71732330322266,
    "zy": 83.69110425313313,
    "yspace": 85.26355624198914,
    "spaced": 226.3269086678823,
    "do": 65.13683597246806,
    "og": 97.39032189051309,
    "gs": 130.3717076778412,
    "s.": 501.93943579991657,
    ".esc": 436.8322392304739,
    "_total": 5254.772655169169,
    "sesc": 2044.9943542480469,
    "spacei": 1184.0453147888184,
    "ibackspace": 1434.7007274627686,
    "backspaceo": 565.65260887146,
    "s/": 1350.8048057556152,
    "/backspace": 1541.2476062774658,
    "backspace.": 426.80954933166504
}