{
    "th": 32.29033803449027,
    "hw": 58.84535610675812,
    "wbackspace": 106.57408833503723,
    "backspacee": 117.39777028560638,
    "espace": 83.83663403943362,
    "spaceq": 69.46015173480625,
    "qu": 63.09226284582147,
    "ui": 30.059095901786968,
    "ic": 41.60821849391574,
    "ck": 96.53472886199043,
    "kspace": 87.49106240966333,
    "spaceb": 108.14407005827263,
    "br": 55.664873060095246,
    "ro": 36.167518581662854,
    "ow": 38.16930762043706,
    "wn": 79.69229388489295,
    "nspace": 66.15101887435509,
    "spacef": 113.89029472277909,
    "fo": 35.89828558384426,
    "ox": 51.28274962069496,
    "xspace": 53.42596446080183,
    "spacej": 76.12546841618877,
    "ju": 24.73009334354804,
    "um": 27.168518147140585,
    "mp": 50.53255114526976,
    "ps": 54.41337579063007,
    "sspace": 46.29612440470035,
    "spaceo": 225.24980244182404,
    "ov": 32.70481034876808,
    "ve": 26.006493082752932,
    "er": 35.033016608505655,
    "rspace": 41.27223512167653,
    "spacet": 54.34308690684182,
    "he": 29.902645244839647,
    "spacel": 96.02351265924948,
    "la": 33.748875313965726,
    "az": 43.82249225699712,
    "zy": 54.14588569648682,
    "yspace": 45.79990050464711,
    "spaced": 95.33849405863928,
    "do": 36.67077972460046,
    "og": 154.31876411198309,
    "gs": 63.8148661170687,
    "s.": 128.10911074990318,
    ".`": 3.511070506647229,
    "`t": 4.353084601461887,
    "g.": 1279.1039943695068,
    "ms": 606.9285869598389,
    ".esc": 263.382742802302,
    "_total": 6954.1330854098,
    "spacec": 971.0166454315186,
    "cbackspace": 813.1716251373291,
    "backspaceo": 308.9408874511719,
    "eq": 666.1972999572754
}