{
    "th": 31.086435355246067,
    "he": 82.70787137250105,
    "espace": 37.61268897602956,
    "spaceq": 67.43642687797546,
    "qu": 42.32205351193746,
    "ui": 50.171905755996704,
    "ic": 31.100577116012573,
    "ck": 39.163023233413696,
    "kspace": 63.303617636362716,
    "spaceb": 82.96912908554077,
    "br": 12.00690617163976,
    "ro": 23.913388450940452,
    "ow": 13.507920006910961,
    "wn": 43.34265192349752,
    "nspace": 50.04325111707052,
    "spacef": 35.418903827667236,
    "fo": 46.38075232505798,
    "ox": 31.107995907465614,
    "xspace": 36.16987665494283,
    "spacej": 63.29600811004639,
    "ju": 43.03821325302124,
    "um": 50.637777646382645,
    "mp": 57.5952668984731,
    "ps": 26.614960034688313,
    "sspace": 45.16179362932841,
    "spaceo": 73.9331563313802,
    "ov": 35.21790107091268,
    "ve": 49.47865605354309,
    "er": 32.45762586593628,
    "rspace": 38.37775786717733,
    "spacet": 46.02931539217631,
    "spacel": 73.5733966032664,
    "la": 30.839554468790688,
    "az": 58.53904287020366,
    "zy": 25.612854957580566,
    "yspace": 55.40594458580017,
    "spaced": 54.73466316858927,
    "do": 42.941830555597946,
    "og": 46.0133413473765,
    "g.": 69.7426418463389,
    ".esc": 117.15798377990723,
    "_total": 2389.1153117020926,
    "bo": 259.488582611084,
    "or": 185.09387969970703,
    "rw": 722.548246383667
}