{
    "th": 94.3569540977478,
    "he": 82.53473043441772,
    "espace": 140.8288346396552,
    "spaceq": 229.17843610048294,
    "qu": 117.33356863260269,
    "ui": 50.57079262203641,
    "ic": 106.23984866672093,
    "ck": 110.52432656288147,
    "kspace": 138.2404938340187,
    "spaceb": 422.6257801055908,
    "br": 192.13742017745972,
    "ro": 229.85422611236572,
    "ow": 115.30562241872151,
    "wn": 171.30780220031738,
    "nspace": 237.52522468566895,
    "spacef": 484.6799671649933,
    "fo": 157.03284740447998,
    "ox": 192.05820560455322,
    "xspace": 258.71264934539795,
    "spacej": 340.03228694200516,
    "ju": 115.41048685709636,
    "um": 169.41753029823303,
    "mp": 98.68555598788792,
    "ps": 229.51507568359375,
    "sspace": 300.41035016377765,
    "spaceo": 369.22404170036316,
    "ov": 152.54509449005127,
    "ve": 120.3265455034044,
    "er": 164.96789455413818,
    "rspace": 173.81492257118225,
    "spacet": 447.98266887664795,
    "spacel": 442.5363540649414,
    "la": 82.50966668128967,
    "az": 213.46569061279297,
    "zy": 196.70188426971436,
    "yspace": 112.68643538157146,
    "spaced": 464.197301864624,
    "do": 134.86194610595703,
    "og": 253.24606895446777,
    "gspace": 558.5653781890869,
    "space.": 1315.824270248413,
    ".space": 308.2753154966567,
    "spacew": 476.91547870635986,
    "wa": 189.23521041870117,
    "al": 216.2764072418213,
    "lt": 191.37585163116455,
    "tz": 496.6927766799927,
    "zspace": 369.62103843688965,
    "space,": 1142.0536041259766,
    ",space": 118.7589830822415,
    "ba": 137.34173774719238,
    "ad": 197.75807857513428,
    "dspace": 175.1546859741211,
    "spacen": 713.2623195648193,
    "ny": 198.8164186477661,
    "ym": 329.13923263549805,
    "p,": 1349.9672412872314,
    "or": 165.93551635742188,
    "ji": 103.20782661437988,
    "ig": 222.4407196044922,
    "gs": 229.42709922790527,
    "spacev": 270.8462715148926,
    "ex": 185.07584929466248,
    "x.": 535.2189540863037,
    "spaces": 661.2083911895752,
    "sp": 1586.4332914352417,
    "ph": 482.1461041768392,
    "hi": 80.40595054626465,
    "in": 186.5156888961792,
    "nx": 497.43473529815674,
    "of": 306.81097507476807,
    "fspace": 266.3978338241577,
    "bl": 100.25584697723389,
    "ac": 133.89134407043457,
    "ua": 134.43875312805176,
    "ar": 253.32272052764893,
    "rt": 290.332555770874,
    "z,": 761.5788777669271,
    "ud": 137.76373863220215,
    "dg": 227.6209592819214,
    "ge": 138.69285583496094,
    "spacem": 671.8720197677612,
    "my": 320.50275802612305,
    "vo": 101.99761390686035,
    "w.": 765.8768892288208,
    "spaceh": 542.8915023803711,
    "ho": 96.18115425109863,
    "wspace": 209.4438076019287,
    "xi": 245.79918384552002,
    "ng": 137.06481456756592,
    "gl": 215.77870845794678,
    "ly": 357.7233552932739,
    "da": 141.41670862833658,
    "af": 328.3861478169759,
    "ft": 231.08426729838052,
    "tspace": 361.88634236653644,
    "spacez": 588.1116390228271,
    "ze": 314.21804428100586,
    "eb": 423.86507987976074,
    "ra": 175.30226707458496,
    "as": 224.2569923400879,
    "pshift": 340.1073217391968,
    "shift!": 149.88422393798828,
    "!`": 741.9614791870117,
    "`esc": 1551.027774810791,
    "g.": 732.3875427246094,
    "h,": 873.7554550170898,
    "rz": 440.71483612060547,
    "nbackspace": 680.0925731658936,
    "backspacew": 653.0754566192627,
    "wo": 144.29664611816406,
    "obackspace": 641.8929100036621,
    "backspacebackspace": 130.02610206604004,
    "backspacev": 296.24438285827637,
    "za": 315.7458305358887,
    "ab": 560.9462261199951,
    "!esc": 1111.8052005767822
}