{
    "th": 39.718446445961796,
    "he": 18.479912940944946,
    "espace": 58.599571883678436,
    "spaceq": 98.68783950805664,
    "qu": 40.66491723060608,
    "ui": 50.2883235613505,
    "ic": 35.07743080457052,
    "ck": 32.57109125455221,
    "kspace": 60.41707396507263,
    "spaceb": 126.48662726084392,
    "br": 55.532111724217735,
    "ro": 50.02610484759013,
    "ow": 54.16027704874675,
    "wn": 39.603992303212486,
    "nspace": 54.84693845113119,
    "spacef": 46.591351429621376,
    "fo": 45.90402444203695,
    "ox": 46.61471645037333,
    "xspace": 29.49999372164408,
    "spacej": 69.25084392229716,
    "ju": 41.25936031341553,
    "um": 85.38584907849629,
    "mp": 64.01079893112183,
    "ps": 39.85986510912577,
    "sspace": 30.60822089513143,
    "spaceo": 58.17922453085581,
    "ov": 38.99750510851542,
    "ve": 54.392542441686,
    "er": 24.823135137557983,
    "rspace": 44.87417737642924,
    "spacet": 42.032963037490845,
    "spacel": 76.7034391562144,
    "la": 28.630763292312622,
    "az": 58.46580266952515,
    "zy": 35.516560077667236,
    "yspace": 36.81402802467346,
    "spaced": 81.8588137626648,
    "do": 43.4724768002828,
    "og": 62.998696168263756,
    "g.": 30.232128997643787,
    ".esc": 109.69548026720683,
    "_total": 2651.042761405309,
    "od": 748.2295036315918,
    "hw": 144.47569847106934,
    "we": 501.08933448791504,
    "g,": 246.12188339233398,
    ",,": 96.06599807739258,
    ",.": 612.2658252716064
}