{
    "th": 44.02659653375546,
    "he": 43.17269468059142,
    "espace": 80.37184476852417,
    "spaceq": 510.6761157512665,
    "qu": 49.92996255556742,
    "ui": 12.908048099941679,
    "ic": 8.670126950299297,
    "ck": 68.08098488383823,
    "kspace": 90.31559278567632,
    "spaceb": 35.21941850582759,
    "br": 136.20416820049286,
    "ro": 60.25421619415283,
    "ow": 78.01271875699362,
    "wn": 35.88471213976542,
    "nspace": 54.931809504826866,
    "spacef": 97.81342082553441,
    "fo": 39.92724948459201,
    "ox": 45.311244328816734,
    "xspace": 63.06236812046596,
    "spacej": 184.55040256182355,
    "ju": 57.83037940661112,
    "um": 56.09501600265503,
    "mp": 60.140420993169144,
    "ps": 10.451088349024456,
    "sspace": 22.11753030618032,
    "spaceo": 57.764941453933716,
    "ov": 39.436084032058716,
    "ve": 50.97723404566447,
    "er": 22.275676329930626,
    "rspace": 51.147156953811646,
    "spacet": 45.02941767374675,
    "spacel": 75.50129294395447,
    "la": 33.496512969334916,
    "az": 56.067005793253585,
    "zy": 41.32969776789347,
    "yspace": 48.72429370880127,
    "spaced": 94.48591868082683,
    "do": 46.06159329414368,
    "og": 54.28927540779114,
    "g.": 191.2211736043294,
    ".esc": 408.3331147829691,
    "_total": 3943.59180132548,
    "bo": 447.98779487609863,
    "uc": 467.68295764923096,
    "ci": 224.90406036376953,
    "ik": 281.3107967376709,
    "kb": 1704.1542530059814,
    "px": 93.12939643859863
}