{
    "th": 173.43852519989014,
    "he": 87.89221445719402,
    "espace": 112.82835006713867,
    "spaceq": 294.6712449193001,
    "qu": 76.83508098125458,
    "ui": 110.58906714121501,
    "ic": 96.97473049163818,
    "ck": 68.6870664358139,
    "kspace": 167.39072650671005,
    "spaceb": 213.26853169335257,
    "br": 187.4556541442871,
    "ro": 166.43404960632324,
    "ow": 153.63054275512695,
    "wn": 164.91973400115967,
    "nspace": 186.83302402496338,
    "spacef": 149.90164438883463,
    "fo": 86.25539143880208,
    "ox": 147.82214164733887,
    "xspace": 287.38898038864136,
    "spacej": 307.1077863375346,
    "ju": 136.59989833831787,
    "um": 180.36127090454102,
    "mp": 162.15476989746094,
    "ps": 68.65723927815755,
    "sspace": 125.24535655975342,
    "spaceo": 156.16053342819214,
    "ov": 107.04052448272705,
    "ve": 94.8124885559082,
    "er": 118.08967590332031,
    "rspace": 111.17076873779297,
    "spacet": 292.9166555404663,
    "hspace": 697.4575519561768,
    "spacel": 220.42334079742432,
    "la": 94.14347012837727,
    "az": 211.65204048156738,
    "zy": 172.11782932281494,
    "yspace": 86.33732795715332,
    "spaced": 484.85326766967773,
    "do": 120.87512016296387,
    "og": 315.43052196502686,
    "g.": 746.6892004013062,
    ".space": 239.2587529288398,
    "spacew": 731.3034534454346,
    "wa": 196.85137271881104,
    "al": 393.8335180282593,
    "lt": 210.0365161895752,
    "tz": 783.0462455749512,
    "z,": 432.7392578125,
    ",space": 99.15106826358372,
    "ba": 121.32620811462402,
    "ad": 193.86732578277588,
    "dspace": 71.906844774882,
    "spacen": 447.3726749420166,
    "ny": 237.15591430664062,
    "ym": 211.46881580352783,
    "ph": 185.6292486190796,
    "h,": 926.6871213912964,
    "or": 149.69122409820557,
    "fl": 116.65725708007812,
    "li": 187.92104721069336,
    "ip": 164.5677089691162,
    "spacea": 216.4907455444336,
    "an": 156.42714500427246,
    "nd": 1788.2640361785889,
    "spacev": 306.4671092563205,
    "ex": 169.65720057487488,
    "x.": 622.0313310623169,
    "spaces": 606.6426038742065,
    "sp": 148.2182741165161,
    "hi": 191.00701808929443,
    "in": 140.0098204612732,
    "nx": 516.3984298706055,
    "of": 170.92132568359375,
    "fspace": 116.12319946289062,
    "bl": 154.43241596221924,
    "lz": 120.70488929748535,
    "zc": 454.0989398956299,
    "ua": 96.02606296539307,
    "ar": 202.58045196533203,
    "rt": 207.6932191848755,
    "tx": 612.3635768890381,
    "xbackspace": 386.13319396972656,
    "backspace,": 731.3923835754395,
    "ud": 361.1398935317993,
    "dg": 176.1690378189087,
    "ge": 72.85499572753906,
    "spacem": 208.8768482208252,
    "my": 237.79141902923584,
    "vo": 129.65011596679688,
    "w.": 382.28917121887207,
    "spaceh": 474.9246835708618,
    "ho": 218.54627132415771,
    "wspace": 69.96345520019531,
    "vw": 568.0177211761475,
    "wbackspace": 406.9502353668213,
    "backspacee": 146.03257179260254,
    "xi": 126.78050994873047,
    "ng": 98.9236831665039,
    "gl": 183.61186981201172,
    "ly": 287.89079189300537,
    "spaceesc": 669.5761680603027,
    "ri": 151.12781524658203,
    "iw": 150.62260627746582,
    "fi": 102.47039794921875,
    "ix": 146.5587615966797,
    "x,": 223.29163551330566,
    "pt": 279.7212600708008,
    "ji": 184.1144561767578,
    "ig": 620.4299926757812,
    "gs": 155.20739555358887,
    "ac": 189.3022060394287,
    "vi": 256.55651092529297,
    "io": 617.0799732208252,
    "df": 383.31127166748047,
    "ft": 518.4271335601807,
    "tspace": 750.1287460327148,
    "spacez": 360.45265197753906,
    "ze": 200.58917999267578,
    "eb": 149.88994598388672,
    "ra": 249.07183647155762,
    "as": 186.00726127624512,
    "pshift": 711.7719650268555,
    "shiftesc": 329.0884494781494,
    "escshift": 978.5490036010742,
    "shift~": 128.06105613708496,
    "~esc": 587.2831344604492
}